"species","Temperature","Moisture","Frequency","Severity"
"Acer pseudoplatanus",4.16247910194677,5.05225058865355,1.32057,0.16985
"Achillea atrata",0.650689731319742,4.47831921734551,1.39521,0.28025
"Achillea clavennae",1.43722669825003,3.53540551090548,0.98593,0.27516
"Achillea clypeolata",4.82901686375712,3.46907266032852,1.86022,0.4
"Achillea distans",4.06760900457572,3.75261469560518,1.35903,0.27207
"Achillea erba-rotta",0.00381273101205706,4.38892814368977,1.52013,0.31985
"Achillea millefolium",3.43472725236906,3.82716051867384,1.93633,0.51128
"Achillea nana",0.0404029640428669,4.60774590375501,1.54632,0.2798
"Achillea ptarmica",4.08866978933635,6.21533479019102,1.88365,0.50343
"Achnatherum bromoides",6.27951033636531,2.86626590352785,1.44456,0.24259
"Achnatherum calamagrostis",4.55930945980151,2.68880214341146,1.42279,0.245265
"Aconitum lycoctonum",2.87262886186125,5.37882794786885,1.22945,0.16715
"Adenocarpus complicatus",6.27684610279608,2.63561183639969,1.31488,0.1741
"Adenostyles alliariae",2.05001924017252,5.3846938614962,1.13511,0.14583
"Aegilops biuncialis",7.12571107835064,2.68928619557009,1.75858,0.45526
"Aegilops caudata",7.97838702227074,3.25406437129761,2.06596,0.58462
"Aegilops cylindrica",5.98915433735294,2.23973097542778,2.13001,0.69066
"Aegilops geniculata",6.51664197620805,2.470049614448,1.9407,0.72822
"Aegilops neglecta",7.3453071880313,1.88389464952299,1.89886,0.61385
"Aegilops triuncialis",6.92968208090417,2.04305769596631,1.96183,0.63746
"Aegopodium podagraria",3.94762838231401,5.09448927507191,1.37788,0.31874
"Aethionema saxatile",4.60731664968846,2.46246329628284,1.61067,0.37419
"Agrimonia eupatoria",4.687923070927,3.67384764078045,1.69485,0.43842
"Agrostemma githago",4.63483252911475,3.90626280433583,2.12148,0.88991
"Agrostis capillaris",3.83521720572308,4.20556708300728,1.80498,0.43132
"Agrostis castellana",5.04310617135366,3.97493720715862,1.60782,0.34848
"Agrostis gigantea",3.96142550249274,5.85601504655194,1.73271,0.52888
"Agrostis stolonifera",4.16630107614384,5.8459371991194,1.80321,0.44635
"Aira caryophyllea",4.68265970621453,2.39495637840127,1.95739,0.42311
"Aira cupaniana",6.96436477153936,1.64759048625212,1.95045,0.46912
"Aira praecox",4.80655490424715,2.30267240098688,1.89683,0.39466
"Alcea biennis",5.66780608953548,3.3949825592231,1.79835,0.685
"Alisma plantago-aquatica",4.32499294707085,8.13571560682159,1.72473,0.31082
"Alliaria petiolata",4.4335955171257,4.60669367790488,1.33661,0.25214
"Allium sphaerocephalon",5.76934590080288,2.58389205457856,1.72375,0.42364
"Allium subhirsutum",7.28519270943524,3.18658406545957,1.35611,0.27775
"Alnus glutinosa",4.23347366525944,7.17138453361833,1.36567,0.28979
"Alopecurus aequalis",3.65823751188812,7.40989536101314,1.78688,0.55703
"Alopecurus geniculatus",4.28440902484136,6.91221962150913,2.22766,0.47856
"Alopecurus pratensis",3.97227268788509,5.27832750008671,1.89198,0.50852
"Alopecurus vaginatus",4.71509281427073,2.924130569729,1.93991,0.46452
"Althaea officinalis",5.5136152920775,5.60265375475248,1.62671,0.46134
"Alyssoides utriculata",3.72544447550373,3.03963144329511,1.55835,0.30189
"Alyssum alyssoides",4.73394023622965,2.67963426634194,1.87463,0.51889
"Amaranthus blitum",5.76950229170646,3.96097314799904,1.85282,0.81224
"Amaranthus graecizans",6.2088790745551,3.4474379310914,2.15786,0.8481
"Anacyclus clavatus",5.70450662467955,3.10454010921189,2.13997,0.82655
"Anagyris foetida",7.19323882534703,2.30793175782802,1.46927,0.26889
"Anchusa officinalis",5.20252686221316,2.99176109493676,1.85853,0.65558
"Anemonastrum narcissiflorum",1.7975703816436,4.58489428952713,1.44199,0.30015
"Angelica archangelica",3.55528004969088,6.82855775072906,1.32338,0.41557
"Angelica sylvestris",3.96517279502672,6.2624481274519,1.544625,0.359185
"Antennaria dioica",2.8597573843071,3.5842039693338,1.557,0.31546
"Anthoxanthum odoratum",4.0703774650767,4.63657252476101,1.78677,0.42508
"Anthriscus sylvestris",3.7744615600474,4.56020718396945,1.54675,0.44668
"Anthyllis vulneraria",4.12825548771676,3.14795703117905,1.73721,0.41387
"Aquilegia vulgaris",4.38092907956689,3.99939421432389,1.29264,0.20301
"Arabis alpina",2.3190270899036,4.47324595856977,1.20913,0.28856
"Arabis hirsuta",3.99258051548796,3.34493782106941,1.5842,0.3596
"Arabis scabra",2.88226416340769,2.981571266703,1.60601,0.45192
"Arbutus andrachne",7.12571107835064,2.81677326379157,1.35919,0.17333
"Arbutus unedo",6.76930786545513,3.23187081846665,1.30756,0.17456
"Arctium lappa",4.54425799216056,4.62482437521668,1.49314,0.55537
"Arctium minus",4.01848127010229,4.30708666432337,1.48508,0.56623
"Arenaria biflora",0.644627540796122,6.02324859666372,1.5818,0.23333
"Arenaria grandiflora",3.58253832655648,2.26433048008052,1.54567,0.34308
"Arenaria serpyllifolia",4.22411755072817,3.10476153927686,1.949895,0.582705
"Armeria maritima",3.86730155651373,4.95646538463338,1.88653,0.45279
"Arnica montana",3.19293260421072,4.74200180965912,1.58018,0.33098
"Arrhenatherum elatius",4.28147022815983,4.34396316567172,1.79222,0.48335
"Artemisia absinthium",4.6440073957692,3.36277285134661,1.74094,0.67201
"Artemisia annua",5.21945871339404,3.69487311649739,1.92894,0.77152
"Artemisia campestris",4.92936232308747,2.73617273241679,1.79012,0.45222
"Artemisia glacialis",0.0630309795880897,2.46576689109245,1.15742,0.27073
"Artemisia herba-alba",7.79309737228118,1.18846761837955,1.76373,0.47105
"Artemisia vulgaris",4.52780586759076,4.12534486946587,1.62781,0.66978
"Asparagus acutifolius",6.75106135939894,1.96179915207473,1.32248,0.19673
"Asparagus albus",7.6467553713581,2.54058715957138,1.43804,0.35556
"Asperula arvensis",5.84687378709658,3.38261122559802,2.12093,0.82018
"Aster alpinus",1.69690830959437,3.89445194411482,1.63299,0.33634
"Aster amellus",4.37408724070719,3.38461950281472,1.58062,0.37999
"Astragalus cicer",4.80299149406139,3.51810947409642,1.71023,0.56252
"Astragalus glycyphyllos",4.37223875253597,3.79065615446877,1.39387,0.22929
"Astragalus spruneri",6.86683680240457,1.71794523303789,1.92842,0.496
"Astrodaucus littoralis",7.46894324732519,1.49868132742433,1.77371,0.5525
"Atocion armeria",5.27413862105408,3.64047101530153,1.45119,0.33922
"Atocion rupestre",2.04141160997916,2.71381221397905,1.39619,0.266
"Atriplex glabriuscula",4.20613503901183,5.62935724610256,2.01468,0.58471
"Atriplex littoralis",4.84396357138177,4.42062297277322,1.99882,0.61584
"Atriplex patula",4.57563057032207,4.47642969109096,1.90779,0.79951
"Atriplex pedunculata",4.4899258207819,6.23034953409612,2.28948,0.46528
"Atriplex portulacoides",5.79173382677206,6.33598276935174,1.98212,0.48961
"Atriplex prostrata",4.85470178605768,5.28726457352481,1.81797,0.61035
"Atriplex sagittata",5.23828296470746,4.2852130723537,1.87269,0.8021
"Avena barbata",6.19136136235214,2.70659760200393,1.73585,0.66182
"Avena fatua",4.91458419710423,3.73492290819053,2.03985,0.84527
"Avena sterilis",6.28560691493908,3.11802087399211,1.8987,0.76998
"Avenella flexuosa",3.68802862432559,4.39154841939052,1.26162,0.19344
"Avenula pubescens",3.9436381508861,3.78142078561353,1.98094,0.48225
"Baldellia ranunculoides",4.56895521364329,8.36792749707493,1.52254,0.22775
"Barbarea vulgaris",4.30374964858297,5.00129790242019,1.56243,0.58332
"Bartsia alpina",1.79774828712921,6.2222534475295,1.18018,0.24173
"Bassia scoparia",5.4193864647602,3.55472971687337,2.067,0.84194
"Beckmannia eruciformis",4.54203507131941,5.86972990541074,2.11,0.48206
"Bellis perennis",4.20716145953327,4.56339775250534,2.20989,0.49581
"Berteroa incana",4.48547165968068,2.9916225798992,1.83487,0.61504
"Beta vulgaris",4.95059087771353,4.73608619609003,1.61384,0.62915
"Betonica officinalis",4.40898455008865,4.37198090870855,1.56593,0.32881
"Betula pubescens",3.09816332570808,6.29078737752319,1.251515,0.187265
"Biscutella laevigata",3.96247799932172,3.28511321925329,1.14676,0.3045
"Bistorta officinalis",3.0103504671132,5.84894153798816,1.57129,0.44023
"Bistorta vivipara",1.61045038508697,4.79834249735464,1.37578,0.26535
"Bituminaria bituminosa",6.72713284496471,2.79075551016241,1.45836,0.37492
"Blackstonia perfoliata",5.48987650781187,4.99419219455199,1.65999,0.43796
"Bolboschoenus maritimus",4.94601174398315,7.70102374413334,1.92028,0.39714
"Brachypodium distachyon",5.95736188992887,1.6695211734421,1.65119,0.56671
"Brachypodium pinnatum",4.17538842889797,3.59006099805621,1.43665666666667,0.31405
"Brachypodium sylvaticum",4.3843540525989,4.67483611569798,1.43098,0.24269
"Brassica cretica",6.54253149168239,2.40630421544747,1.51428,0.53214
"Briza maxima",6.52974402756744,2.68512181251713,1.62505,0.42994
"Briza media",3.87934055222851,4.30895899492131,1.96549,0.46251
"Briza minor",6.76001129080185,4.03983266780135,1.73917,0.45378
"Bromus alopecuros",6.55788524514302,2.62688491442245,2.00904,0.71515
"Bromus hordeaceus",4.63468323678853,4.10482558933103,2.13166,0.54271
"Bromus japonicus",5.46271943070411,3.05677761071669,1.98055,0.61318
"Bromus scoparius",6.42933794771915,2.73394104411356,2.12644,0.66548
"Bromus secalinus",4.45540383174926,4.23928042565278,2.12451,0.85888
"Bromus squarrosus",5.83744789922394,2.72502312446555,1.89303,0.54339
"Bryonia cretica",7.97838702227074,3.66453341964172,1.483425,0.37111
"Bufonia paniculata",6.06638742864519,2.05633612482273,1.39664,0.40385
"Buglossoides arvensis",4.80237519162181,3.45900466046109,2.00689,0.78116
"Bunias orientalis",4.52976601956487,3.94966320931971,1.71501,0.65608
"Bunium bulbocastanum",5.37915337129669,3.57508019285176,1.67125,0.42053
"Bupleurum baldense",6.02408399593767,2.4124648898833,1.81995,0.51391
"Bupleurum rotundifolium",5.1843550103168,2.98655409514658,1.82506,0.75538
"Cakile maritima",5.25595951788778,5.03027593337278,2.03267,0.5572
"Calamagrostis arenaria",5.03743425052635,3.74020479600305,1.90055,0.42072
"Calendula arvensis",6.18629073460461,3.05637268540989,2.00052,0.78765
"Calendula suffruticosa",6.299065089707,1.79419887989251,2.01547,0.455
"Calicotome villosa",7.31370272756061,1.89746270948392,1.40538,0.29496
"Calla palustris",3.84165774901588,7.43532493973448,1.28045,0.19974
"Calluna vulgaris",3.57204485069219,4.55778835027808,1.4287,0.23973
"Calystegia soldanella",5.3840034712532,3.8404207393229,2.15196,0.42106
"Campanula alpina",1.51522579795561,4.40741045167912,1.37075,0.26778
"Campanula glomerata",4.07505191493909,3.80138482856113,1.75181,0.42191
"Campanula pyramidalis",6.10169804754545,2.46645201879156,1.27266,0.23235
"Campanula rapunculoides",4.19580515327326,3.85381616692561,1.42895,0.30042
"Campanula rapunculus",5.13888121575629,3.28620424392855,1.58226,0.36528
"Campanula rotundifolia",3.51469170835568,3.64437217454045,1.52516,0.37124
"Campanula scheuchzeri",1.71866575585857,4.19057772350821,1.14505,0.28048
"Campanula spatulata",7.71921587537721,2.84359532295351,1.47686,0.23383
"Campanula thyrsoides",1.84333912248113,4.05873208028043,1.60086,0.29214
"Campanula trachelium",4.26459623180426,4.70465496980749,1.31848,0.16139
"Campanula trichocalycina",3.8422572581975,3.40725074698496,1.31072,0.10365
"Capparis spinosa",7.30539077149248,2.18596521198893,0.802695,0.34258
"Cardamine hirsuta",4.75653876285592,4.43825735069892,1.51584,0.45571
"Carduus acanthoides",4.38523821166166,3.23791993701543,1.78673,0.69501
"Carduus defloratus",3.53708157055004,3.59618954830395,1.29706,0.29259
"Carduus nutans",4.26860503094,3.09203764799054,1.85248,0.56807
"Carduus tenuiflorus",6.24857833166121,2.40942509933819,1.91676,0.73312
"Carex arenaria",4.26347916329423,3.19478767137949,1.65328,0.37606
"Carex atrata",1.31391447397671,4.77551456868671,1.45676,0.26404
"Carex bicolor",1.46332683907003,6.35997811680903,1.80949,0.19958
"Carex binervis",4.15172011635165,5.44653784445504,1.69588,0.37091
"Carex canescens",3.34802893644316,7.14572995270446,1.31613,0.20762
"Carex capillaris",1.4460469765011,5.98324074465399,1.54371,0.25136
"Carex disticha",4.1289743583261,7.17615315641281,1.89671,0.44481
"Carex echinata",3.75447858401347,6.73343558098438,1.49708,0.25833
"Carex elata",4.16167486482873,7.76729829026181,1.44487,0.24366
"Carex flacca",4.25008113841923,5.05611856704623,1.60091,0.34432
"Carex flava",3.64670713010886,6.9437603807613,1.79768,0.34557
"Carex limosa",2.99991365561227,7.54779108608906,1.40127,0.1298
"Carex muricata",4.10117982705271,4.46858121082944,1.43767,0.2631
"Carex myosuroides",1.1650061870899,3.51219245961166,1.62249,0.26786
"Carex pallescens",3.51997546358427,4.99605148546399,1.788,0.42415
"Carex panicea",3.718856344749,6.29169154468227,1.81747,0.37934
"Carex paniculata",4.08278155404522,7.33210928269761,1.40858,0.27943
"Carex pendula",4.28555732589295,6.29980486922088,1.39139,0.28167
"Carex pseudocyperus",4.52786545164919,7.62599577942544,1.37179,0.22409
"Carex pulicaris",3.35323873531859,6.8314179727201,1.847,0.3546
"Carex rariflora",1.4022486455746,7.09317248449253,1.45653,0.15113
"Carex remota",4.21699356997182,6.33644203854927,1.40771,0.27827
"Carex sempervirens",2.04894261284259,3.65710825330699,1.47476,0.30869
"Carex simpliciuscula",0.80406788348956,6.29930680610729,1.7595,0.20881
"Carex sylvatica",4.08865289910452,4.9153494933705,1.33807,0.17303
"Carlina vulgaris",4.3382607612943,3.35534603117648,1.7296,0.43197
"Carpesium cernuum",5.14599220122823,5.17409228205327,1.28464,0.11538
"Carthamus lanatus",6.35641987795696,2.69952887766641,1.86391,0.69074
"Centaurea calcitrapa",6.00410455176663,3.33086081539132,1.80114,0.74662
"Centaurea cyanus",4.89783010597419,3.84992102861707,2.11778,0.88626
"Centaurea jacea",3.82310451638692,4.435640371617,1.98017,0.48199
"Centaurea nemoralis",4.21471730759183,3.82731950895897,1.79888,0.45591
"Centaurea nervosa",1.96385737997564,3.95881562714953,1.36848,0.3381
"Centaurea nigra",3.67581846749432,4.24756243506733,2.00699,0.47654
"Centaurea scabiosa",4.24501307176663,3.06647855971209,1.77843,0.46675
"Centaurea solstitialis",5.72730019854171,3.06484102889734,1.93969,0.73507
"Centaurium erythraea",4.58474052967326,4.64231176444382,1.72223,0.42706
"Centaurium tenuiflorum",6.06535782878326,6.02841986689464,1.58152,0.51589
"Cerastium alpinum",0.679837072444109,3.97798960186916,1.52563,0.34541
"Cerastium arvense",4.02584837689756,3.33046782685488,1.78546,0.41736
"Cerastium brachypetalum",5.29475858473617,2.92502796628425,1.84215,0.48243
"Cerastium diffusum",4.53031911501977,3.34972387705319,2.13758,0.48123
"Cerastium fontanum",3.1687504028602,4.57887291373272,1.8006,0.49429
"Cerastium glomeratum",4.36455563188686,4.28429545373256,1.99939,0.63295
"Cerastium pumilum",5.29252351116712,2.3587429119552,1.98904,0.50456
"Cerastium semidecandrum",5.10970962890803,2.94250043454589,1.83687,0.43915
"Chaerophyllum hirsutum",2.96645495759644,6.52012004558985,1.32511,0.35091
"Chaerophyllum nodosum",5.954363168882,3.47942105344907,1.3859,0.22929
"Chamaemelum nobile",5.09769610750205,4.55942503514899,2.28622,0.49125
"Chenopodium album",4.54941340566271,3.65436173792906,1.93909,0.81076
"Chenopodium ficifolium",5.37711553627216,5.03125910918088,1.9321,0.81121
"Chenopodium vulvaria",5.45414180839765,3.58679387967635,2.0009,0.84057
"Cherleria laricifolia",2.485881046293,3.1606358448806,1.7118,0.30489
"Chrysopogon gryllus",5.9714217724792,2.79445347969536,1.83152,0.46652
"Cichorium spinosum",7.31370272756061,2.10442064342946,0.82488,0.34397
"Cicuta virosa",4.00654152218561,7.5845791943731,1.51814,0.218
"Cionura erecta",7.97838702227074,4.48547151632992,1.8115,0.35652
"Cirsium arvense",4.11764279446687,4.26763176470804,1.77442,0.60267
"Cirsium vulgare",4.22975729024364,4.2142381523553,1.73868,0.51951
"Cistus clusii",7.30606797131749,1.77226819270253,1.60672,0.24051
"Cistus ladanifer",5.72143292162029,2.59021648371994,1.41223,0.16903
"Cistus salviifolius",6.776947154744,2.04179687376183,1.37053,0.22019
"Clematis recta",5.19903973959183,3.23916457303447,1.39655,0.23101
"Clematis vitalba",4.79082526738775,4.40596033456301,1.32576,0.19896
"Clinopodium acinos",4.65550760511008,2.23987002910471,1.76103,0.44662
"Clinopodium vulgare",4.20989172287157,3.65551662450804,1.41529,0.24005
"Cochlearia anglica",3.67764593854059,6.73198021023816,2.27859,0.50364
"Cochlearia danica",4.14012346959931,5.41006918212173,1.65685,0.48731
"Cochlearia officinalis",4.50740423485394,5.79984378505022,1.79118,0.48667
"Cochlearia pyrenaica",2.48043903366428,7.15206184907503,1.31265,0.35
"Coincya monensis",5.39680459048233,3.2681180139122,1.52093,0.44503
"Colutea arborescens",5.8608055794618,3.05829754096799,1.28059,0.15609
"Convolvulus arvensis",4.91829544660292,3.59388609835129,1.88846,0.67894
"Coriaria myrtifolia",5.65270937609837,3.69268893450339,1.34649,0.13533
"Cornus sanguinea",4.26064128859209,4.45415328302424,1.33503,0.18576
"Coronilla minima",5.24179271992776,2.1925742862742,1.62159,0.35303
"Coronilla scorpioides",6.43663063388744,1.9684521065616,1.77756,0.5868
"Coronilla valentina",8.28103369279476,1.89746270948392,1.33178,0.30591
"Corrigiola litoralis",5.16377351082425,5.55252164413731,1.84923,0.78306
"Corylus avellana",4.29905524317882,4.44408362217249,1.33709,0.15578
"Crassula tillaea",5.71170648433351,5.07551711359615,2.0595,0.53937
"Crepis aurea",1.56634992783273,4.42047202994583,1.42977,0.34975
"Crepis capillaris",4.48513472835148,3.91766699195785,2.07309,0.51569
"Crepis dioscoridis",7.64222749679412,2.30793175782802,1.37004,0.30769
"Crepis foetida",5.8187237024814,3.07861681378551,1.83816,0.62291
"Crepis mollis",3.03129734625005,4.65118766620122,1.96318,0.4894
"Crepis pyrenaica",1.97242210537497,4.7675016608236,1.45953,0.3066
"Crepis sibirica",3.19715308820868,4.25066001667421,1.38516,0.23182
"Crepis sibthorpiana",4.86833325954836,3.66453341964172,1.77815,0.36061
"Crepis tybakiensis",6.42336014090955,2.84359532295351,1.68914,0.62977
"Crepis vesicaria",5.78190079100481,3.6125831810712,1.80405,0.54648
"Crithmum maritimum",6.93234522757167,3.44608073702529,0.80101,0.31041
"Crucianella angustifolia",6.458473784156,2.18687674972671,1.73127,0.45743
"Cruciata laevipes",4.20282236601881,4.64165060190764,1.52237,0.38054
"Cuscuta europaea",4.55189900502708,5.73428991824769,1.29235,0.49109
"Cymbalaria muralis",5.49516503632594,4.57079851203313,1.05451,0.33976
"Cynanchum acutum",6.4953225735022,4.46614983298344,1.69387,0.51941
"Cynoglossum germanicum",4.42918115581466,4.42886923017459,1.33993,0.26269
"Cynoglossum officinale",4.1843377821065,3.20176746653236,1.39979,0.41416
"Cynosurus cristatus",3.85545460226179,4.46114535852974,2.2368,0.49749
"Cynosurus echinatus",6.25776879035894,2.63960708596937,1.66338,0.44292
"Cyperus fuscus",4.75290934594347,7.08011262208785,1.79316,0.6576
"Cyperus michelianus",5.26069941268416,6.58765000538243,1.95374,0.78015
"Cytisus nigricans",4.79062556439694,3.52852657041815,1.40639,0.22271
"Cytisus scoparius",4.34453916245412,3.79255901206777,1.38287,0.22918
"Daboecia cantabrica",5.01869898309706,4.07873460978845,1.36433,0.25
"Dactylis glomerata",4.45317200921016,4.26695518892016,1.63031,0.4288
"Damasonium alisma",5.69870817723264,7.67736866525816,1.94959,0.51111
"Danthonia decumbens",4.01362449785999,4.47233631307344,1.84537,0.40811
"Dasypyrum villosum",6.10917465216718,2.70755325640565,1.94653,0.72124
"Daucus carota",4.73712701815097,3.63825760045951,1.72102,0.53032
"Delphinium ajacis",6.02692044370734,3.33034717536746,2.0015,0.80345
"Delphinium consolida",5.2972911148533,3.5164793858832,1.99616,0.80939
"Deschampsia cespitosa",3.63946090700468,5.89260948851528,1.54925,0.37129
"Dianthus arenarius",4.14068485688912,2.30160677491991,1.5271,0.17041
"Dianthus armeria",4.81458113304224,3.58050187426978,1.76493,0.42869
"Dianthus carthusianorum",4.22662700483601,3.20707688865924,1.84633,0.43751
"Dianthus furcatus",1.78836442757591,3.28394329593278,1.09259,0.266
"Dianthus giganteus",5.79530546666759,3.1606358448806,1.70797,0.40658
"Dianthus glacialis",0.559361914846069,3.9005176722985,1.5867,0.23684
"Dianthus gratianopolitanus",4.84258435995781,2.25554424249987,1.1975,0.32021
"Dianthus hyssopifolius",3.60362219219112,3.02233514184377,1.69337,0.37725
"Dianthus pinifolius",5.48370388564184,2.39495475202686,1.56417,0.3748
"Dianthus rupicola",8.20404531421166,1.77226819270253,1.06765,0.44872
"Dianthus superbus",3.82373724393269,5.61810666597666,1.65134,0.37429
"Dianthus sylvestris",4.5256384597864,2.76788242142547,1.49658,0.33866
"Digitalis grandiflora",3.7093326475262,4.2570778789767,1.31624,0.18728
"Digitalis lutea",4.53517138901269,4.15290271276245,1.30761,0.14948
"Digitalis purpurea",4.29737946643257,4.50159181104669,1.35635,0.25957
"Digitaria sanguinalis",5.38371946644901,3.48104204707178,2.01016,0.81056
"Diplotaxis tenuifolia",5.41937658551258,3.27747645978364,1.82887,0.71357
"Dipsacus pilosus",4.78905012339655,5.39325402543583,1.33538,0.37105
"Draba cretica",4.86833325954836,2.02265722626531,1.29496,0.34231
"Draba incana",1.94669103839405,3.34573818196499,1.75549,0.45952
"Draba verna",4.81553493416451,3.12391149792644,1.97627,0.54465
"Drosera rotundifolia",3.37848785228806,7.15115909324058,1.36489,0.1308
"Dryas octopetala",1.47207609987467,3.97731300574488,1.07147,0.274
"Drymocallis rupestris",4.26800305084666,3.20698056927722,1.54087,0.37863
"Dysphania ambrosioides",5.48205245687353,4.24821433025802,1.8231,0.77722
"Ebenus cretica",7.97838702227074,2.02265722626531,1.46754,0.46863
"Echinochloa crus-galli",5.41866242745892,4.9483976878034,1.84495,0.78038
"Echinops ritro",6.0475720327945,2.6220272313291,1.8825,0.42779
"Echinops sphaerocephalus",4.88558680078596,3.39537144028495,1.65082,0.57561
"Echium plantagineum",6.27422298520163,2.84940762493484,1.93336,0.77333
"Echium vulgare",4.61272850483472,3.09102746226949,1.81436,0.55499
"Elatine hexandra",4.64576970814496,7.64086495673341,1.71071,0.55556
"Eleocharis acicularis",4.13709057514726,7.91070165061106,1.69833,0.471
"Eleocharis ovata",4.78262589306071,6.82167766104775,1.86418,0.69094
"Elymus athericus",5.18581814390316,4.43009557815253,1.51532,0.46507
"Elymus caninus",4.04891630781221,5.24266908804756,1.36548,0.32426
"Elymus panormitanus",7.2080248803329,3.40163636267417,1.35687,0.15938
"Elymus repens",4.19045954462137,4.37376345925901,1.76739,0.60386
"Epilobium alpestre",2.19538875531609,5.39209320158545,1.13114,0.25128
"Epilobium hirsutum",4.4272438541235,6.48280129952137,1.42624,0.41665
"Epilobium parviflorum",4.31870888270814,6.95772952550995,1.65202,0.43049
"Epilobium tetragonum",4.74653379795436,5.83024050840455,1.71536,0.53898
"Erica cinerea",4.78704655059042,4.2135710275012,1.46747,0.2716
"Erica multiflora",6.96436477153936,2.46576689109245,1.40855,0.23463
"Erica spiculifolia",3.97829183996778,3.92146090266142,1.1232,0.25077
"Erica tetralix",3.92196502693427,6.59465988425633,1.41809,0.22054
"Erica vagans",5.54996231762541,4.59326786580806,1.41201,0.2602
"Eriophorum gracile",3.4500082984006,7.54691313060364,1.43894,0.14
"Eriophorum latifolium",3.79686370697605,7.26683101738265,1.82944,0.26418
"Eryngium campestre",5.53766245801391,2.64387027438193,1.85568,0.4861
"Eryngium maritimum",5.35272942558124,3.71764655383245,2.03676,0.43009
"Erysimum cheiranthoides",4.03476589166147,4.69839237777248,1.84854,0.80508
"Eupatorium cannabinum",4.24883967690642,5.99165211730212,1.39554,0.35326
"Euphorbia amygdaloides",4.28992841773223,4.52101011341425,1.30512,0.12857
"Euphorbia dendroides",7.75729925499565,2.64158988069876,1.44304,0.3207
"Euphorbia terracina",7.77843201502811,2.90053094665185,1.7163,0.41212
"Fallopia convolvulus",4.57788456001308,4.00406498995818,1.79567,0.73541
"Festuca alpina",0.351925489351194,2.7108583530477,0.90379,0.23276
"Festuca bromoides",5.7290042084599,2.85797586512573,2.1154,0.44085
"Festuca eskia",2.17065981521653,3.62609760147316,1.57474,0.32255
"Festuca fasciculata",8.0912161682412,2.11118968177385,1.89492,0.42066
"Festuca filiformis",4.39724019922603,3.5157801179739,1.66021,0.36103
"Festuca hystrix",3.55947115164237,2.95318479032535,1.5346,0.36021
"Festuca indigesta",2.51672715867306,3.19558484994394,1.72575,0.31701
"Festuca maritima",5.87053643994185,2.55214513749676,2.05041,0.70413
"Festuca myuros",5.50275432779128,2.34914702387211,2.00402,0.5324
"Festuca quadriflora",0.869564896889442,4.03820913621625,1.46904,0.277
"Festuca rothmaleri",3.86098195839128,4.67279679372383,2.06035,0.46716
"Festuca rupicola",4.88457543803888,2.83532245120032,1.77196,0.392
"Festuca violacea",1.4414950497314,4.79224275832191,1.678905,0.306875
"Ficus carica",6.69233671261728,3.32085576620319,1.41706,0.343
"Filago pyramidata",6.35766736483443,2.38372314160123,1.9621,0.73376
"Filipendula ulmaria",3.42498429298072,6.40399225436866,1.54467,0.4255
"Filipendula vulgaris",4.59052390249237,3.4530145230759,1.81919,0.44689
"Fragaria vesca",3.96844065622203,4.36553271625862,1.34075,0.18432
"Frangula alnus",4.46569909605783,5.89574277470702,1.30333,0.17802
"Fraxinus excelsior",4.26089292300663,5.14731514888311,1.36095,0.2004
"Fraxinus ornus",5.9037462205184,3.14998888304693,1.30482,0.12345
"Galatella linosyris",5.37607780065366,2.65761139446577,1.79955,0.45301
"Galega officinalis",4.92455882356519,5.41681112628312,1.45871,0.5457
"Galeopsis angustifolia",5.15152639622392,2.51573062915398,1.47535,0.48103
"Galinsoga parviflora",4.60636132551829,4.37803166369156,1.95424,0.82815
"Galium aparine",4.47206035520526,4.62599014762154,1.4267,0.45023
"Galium boreale",3.71412767706046,5.18988945683804,1.75714,0.41041
"Galium mollugo",4.2523207227663,4.07481065677111,1.63482,0.41742
"Galium parisiense",5.4213742645686,2.70680705392422,1.84706,0.57803
"Galium uliginosum",3.75652087460561,6.56995481470277,1.72711,0.44366
"Galium verum",4.0803232565827,3.45119808598852,1.94457666666667,0.490906666666667
"Gastridium ventricosum",6.58524942848856,2.56187828928553,1.64831,0.51738
"Gaudinia fragilis",5.58203034359854,4.28943651399807,2.11086,0.53738
"Genista anglica",4.6435611691807,4.54391398124148,1.6499,0.36374
"Genista tinctoria",4.52600719411712,4.27404261293562,1.538,0.30554
"Gentiana pneumonanthe",4.10941887477334,5.85943250466862,1.85111,0.36736
"Gentianella amarella",3.12961861441484,4.26756052674096,2.005455,0.415225
"Geranium columbinum",4.94067846991735,3.29001297347833,1.7404,0.51136
"Geranium dissectum",4.74667713741047,4.18690317006297,1.96875,0.63749
"Geranium divaricatum",4.41902274181454,3.64382288032064,1.9057,0.69048
"Geranium lucidum",5.23024842422374,4.36386758599992,1.42605,0.35413
"Geranium pratense",3.91956047963773,4.65019117113428,1.71013,0.51128
"Geranium purpureum",6.30152297801975,3.29070387020167,1.42663,0.33024
"Geranium pusillum",4.51410183149006,3.52035797015149,2.03844,0.77966
"Geranium robertianum",4.27030769548954,4.70461747320777,1.32299,0.21586
"Geranium rotundifolium",5.3944397465758,3.23482041355772,1.74067,0.62833
"Geranium sanguineum",4.57355981259014,3.00586505006525,1.48503,0.28613
"Geum montanum",1.52357108706801,4.35732015793782,1.24751,0.27626
"Geum rivale",3.32389646788857,6.14367563715034,1.48586,0.39493
"Geum urbanum",4.19671101101583,4.68358703831182,1.36309,0.24559
"Gladiolus illyricus",5.63588687863113,4.22455487794699,1.52405,0.46421
"Gladiolus palustris",4.41602220006351,5.51291507248769,2.09724,0.43133
"Glaucium flavum",5.60090924209603,3.87542531487543,1.64461,0.57261
"Globularia bisnagarica",4.62552561806628,2.56715149548047,1.78285,0.41246
"Globularia cordifolia",2.9077528314135,2.99996315437438,1.25586,0.29797
"Globularia nudicaulis",1.84276540433022,3.56217581860556,1.10906,0.31041
"Gnaphalium uliginosum",4.13441893925434,5.95707053261945,1.98086,0.7659
"Gypsophila paniculata",4.96380333398088,2.56124570342485,1.84852,0.45282
"Hedera helix",4.66259132921426,4.46728442125096,1.31254,0.14816
"Hedysarum caucasicum",2.51967478749518,4.40872970377336,1.45548,0.29815
"Hedysarum hedysaroides",1.41662790800985,4.36430824699996,1.615175,0.290985
"Helianthemum nummularium",4.22679823532086,3.01214528171859,1.62523,0.39705
"Helianthemum oelandicum",4.98818912670163,3.01413024659894,1.78910666666667,0.38338
"Helichrysum arenarium",4.7504002454019,2.5743921122692,1.88211,0.39693
"Helichrysum italicum",7.02719775056022,3.01931039525545,1.33501,0.41077
"Helichrysum stoechas",6.45541735793462,2.74339981786429,1.4508,0.28765
"Helictochloa marginata",4.48815500908858,4.06254137660964,1.50297,0.31141
"Heliosperma alpestre",2.7609282016523,3.95631520188007,0.77729,0.20448
"Heliosperma pusillum",2.7778413978203,6.49826696582518,0.86281,0.23328
"Helminthotheca echioides",5.82656729711533,4.09425987835562,1.79207,0.70508
"Helosciadium nodiflorum",5.66778557796313,7.89290659167864,1.73801,0.33001
"Heracleum sphondylium",3.73233687902575,4.50661624716805,1.54846,0.41637
"Herniaria ciliolata",5.29206220809651,3.42144501888781,2.29263,0.37805
"Herniaria glabra",4.42017709334701,3.19400798322603,2.00922,0.53805
"Hibiscus trionum",5.87321687286345,3.95825301978711,2.04081,0.82549
"Hieracium amplexicaule",2.91086171792509,2.82405080961789,0.9278,0.20588
"Hieracium villosum",1.50560441942427,4.28701263886087,1.2421,0.28262
"Hippocrepis comosa",4.11481206379575,2.78066783006525,1.60831,0.40001
"Hippocrepis unisiliquosa",7.97838702227074,1.30442911706127,1.89634,0.60488
"Hirschfeldia incana",6.04556281323336,2.90087546517719,1.94654,0.76749
"Holcus lanatus",4.30921508712019,5.02928677633403,1.90522,0.4744
"Homogyne alpina",2.53241816465921,5.05660814934581,1.00306,0.18142
"Honckenya peploides",4.25348655847895,4.92672248080532,2.10824,0.5
"Hordelymus europaeus",3.95608458583857,4.51574061966299,1.30359,0.12626
"Hordeum bulbosum",6.13053494697949,3.49661151666737,1.85482,0.58983
"Hordeum marinum",5.30121809529798,4.27276296590394,1.947925,0.52843
"Hordeum murinum",5.55137720151949,3.42318826214533,1.92909,0.76713
"Hordeum secalinum",4.87009516240981,5.00680160433924,2.23118,0.51749
"Horminum pyrenaicum",1.59596584136298,4.34592906697111,0.9131,0.26279
"Humulus lupulus",4.59038168210267,6.10601139844211,1.40954,0.34225
"Hyacinthoides non-scripta",4.82578818150891,4.27826155725211,1.32257,0.17548
"Hylotelephium telephium",3.991922405381,3.47166959791847,1.30379,0.29177
"Hyoscyamus niger",4.67905360900567,3.60220397059934,1.88213,0.79651
"Hypericum androsaemum",5.27434310941513,5.68006313459413,1.3636,0.19044
"Hypericum empetrifolium",6.68253128780308,2.22789175043736,1.43942,0.20071
"Hypericum hirsutum",4.34306728340928,4.29927823247913,1.33479,0.21216
"Hypericum humifusum",4.260854867403,5.50091307298934,1.75468,0.56802
"Hypericum perforatum",4.51054245568615,3.61505937005441,1.65181,0.41538
"Hypericum pulchrum",4.61785703325238,4.35182758738671,1.41765,0.23707
"Hypericum tetrapterum",4.09958362670824,6.37963250849953,1.58386,0.42227
"Hypochaeris glabra",5.66530186662843,3.09967657226937,1.99857,0.46825
"Hypochaeris radicata",4.36125523045071,4.129666283225,2.04965,0.46508
"Hypochaeris robertia",3.47906076813956,3.79060493447118,1.40721,0.28821
"Hyssopus officinalis",5.43345706323996,2.41049959166582,1.78495,0.37888
"Iberis amara",5.58757508245633,3.23621209043633,1.71182,0.64
"Iberis saxatilis",5.27841188319254,2.04831632768485,1.63043,0.36478
"Isatis tinctoria",4.74036279516791,3.09425161016311,1.76031,0.55773
"Isolepis fluitans",4.7682175205769,8.36137119021567,1.35674,0.13721
"Isolepis setacea",4.5274858119211,6.82899855052807,1.8888,0.58058
"Jacobaea erucifolia",4.69551262842802,3.61223395019144,1.82657,0.49553
"Jacobaea incana",1.7330524854527,4.19383012146839,1.73092,0.26868
"Jacobaea vulgaris",4.14941513020463,3.67294946476001,1.85033,0.46867
"Jasione crispa",1.59675625713731,3.18330180374472,1.59171,0.31012
"Jasione heldreichii",4.898458250145,2.23417133649868,1.8212,0.39
"Jasione laevis",3.99796175645523,3.995468419268,1.67818,0.36933
"Jasione montana",4.57419379023554,2.88603814061413,1.75079,0.3493
"Juncus acutiflorus",4.13548886095646,6.5870936227416,1.8543,0.43436
"Juncus acutus",6.29339891403106,6.55572495248609,1.65078,0.34785
"Juncus articulatus",4.1520240526388,6.9164886797372,1.90642,0.43122
"Juncus balticus",3.07424850872505,6.59248782240943,1.73696,0.39231
"Juncus bufonius",4.28141269570538,5.74760460976391,2.01796,0.64547
"Juncus bulbosus",4.23309062674262,7.37753487252699,1.44568,0.22334
"Juncus castaneus",1.05276761501568,6.66741334316663,1.65374,0.17805
"Juncus compressus",4.02424116031221,6.21401497714662,2.0443,0.51054
"Juncus effusus",4.21661816833406,6.24225871034279,1.63395,0.41411
"Juncus inflexus",4.39325408814272,6.16170045101323,1.74859,0.4556
"Juncus maritimus",5.46691197332937,5.80957047205014,1.98213,0.42459
"Juncus squarrosus",3.71619912884698,6.13331749322295,1.55755,0.28314
"Juncus subnodulosus",4.69652703039785,6.69141319156907,1.65282,0.32466
"Juncus triglumis",1.76106433005275,7.11235107294941,1.66213,0.20087
"Jurinea humilis",2.51672715867306,3.43798490956252,1.77769,0.3695
"Kickxia elatine",5.25108041916631,3.80155790376365,1.93454,0.80387
"Koeleria macrantha",4.57447192499237,2.93948160001886,1.89905,0.409843333333333
"Koeleria vallesiana",5.06736297523515,1.77733899619448,1.75582,0.40565
"Lactuca perennis",5.15344170680093,2.39814910859913,1.4853,0.35005
"Lactuca saligna",6.06569681410327,3.2193051991265,1.89608,0.61702
"Lactuca serriola",5.26341107548395,3.40770121769983,1.78874,0.73026
"Lactuca virosa",5.64939368427838,3.27772367181924,1.65087,0.67692
"Lagurus ovatus",6.91011276090124,2.33416684355552,1.58834,0.50532
"Lamium purpureum",4.13211173480079,4.25086904716963,1.84162,0.76483
"Lapsana communis",4.60085850076689,4.3747759305032,1.47514,0.47089
"Lathyrus annuus",6.19132020220768,4.39523565029066,1.713,0.67385
"Lathyrus aphaca",5.28174597641302,3.13247740017804,1.61524,0.47937
"Lathyrus hirsutus",5.06360686415893,3.57709312671972,1.76441,0.59822
"Lathyrus inconspicuus",6.10169804754545,2.46576689109245,1.67778,0.47826
"Lathyrus japonicus",3.78430959202644,4.40558289779707,1.80173,0.47231
"Lathyrus linifolius",4.15698683567193,4.11397699809478,1.40893,0.21451
"Lathyrus nissolia",5.54047547411709,3.62638789190683,1.9173,0.52213
"Lathyrus ochrus",6.81781213646655,3.38498897063732,1.8865,0.80385
"Lathyrus pratensis",4.11622821841755,4.96660487247811,1.84675,0.48932
"Lathyrus sphaericus",6.15938163683012,2.24424767594306,1.69504,0.48279
"Lathyrus sylvestris",4.61955019544831,3.76777907620342,1.43703,0.31591
"Lavandula angustifolia",4.71583275447684,2.45165938125268,1.43808,0.28048
"Lavandula stoechas",7.45797347403093,2.64158988069876,1.36437,0.25222
"Leersia oryzoides",4.46777782067756,7.94312011266877,1.55716,0.45127
"Legousia hybrida",5.75360122739451,3.48419226372469,1.96609,0.78931
"Leontodon hispidus",3.95713113392484,4.10861208588339,1.85509,0.45691
"Leontopodium nivale",0.359836067563634,3.43461030566399,1.35991,0.28066
"Lepidium didymum",5.59313063894382,4.23883084435511,2.03948,0.78657
"Lepidium draba",5.26269734209106,3.04570440443122,1.85024,0.72654
"Leucanthemum vulgare",4.26180523927411,4.00509818737871,1.93695,0.48089
"Leucojum aestivum",5.71556458210736,6.44023130689451,1.69769,0.40741
"Leymus arenarius",3.86754605371817,4.6352348649243,2.00277,0.45988
"Ligustrum vulgare",4.8950978339018,3.86290737869745,1.2995,0.15469
"Limbarda crithmoides",6.211313510328,5.00960022032241,1.32137,0.39756
"Limonium humile",4.95748894551568,6.76778302099365,2.30103,0.51
"Limonium vulgare",4.70283603255287,6.22257599446674,2.20518,0.49723
"Limosella aquatica",3.92758165226113,6.78330611531351,1.94897,0.73984
"Linaria vulgaris",4.09620465751519,3.43212030979787,1.70929,0.57145
"Linum bienne",5.87687103091508,3.35931292892899,1.95815,0.53566
"Linum perenne",4.29918929319124,3.20103033827416,1.83939,0.4658
"Lipandra polysperma",4.44199677311995,4.89878348353713,1.82775,0.77662
"Lithospermum officinale",4.40823316141477,4.09284044887534,1.4459,0.35191
"Lolium giganteum",4.24731658361653,5.69587438979557,1.37793,0.28945
"Lolium multiflorum",5.24618834265826,4.28843072368121,1.93559,0.6731
"Lolium perenne",4.26602015018904,4.26640716471031,2.16326,0.55394
"Lolium rigidum",5.92627301151056,2.79051316575293,1.88993,0.74831
"Lolium temulentum",5.20848805769209,4.07867047094722,2.05439,0.84112
"Lomelosia argentea",5.5602104965358,2.01054075938874,1.87909,0.46972
"Lonicera xylosteum",4.09582586032536,4.41967436039559,1.30979,0.13498
"Lotus angustissimus",5.910143948249,3.28549880148312,1.99303,0.55848
"Lotus corniculatus",3.82546360115734,3.77521709480347,1.89553,0.415956666666667
"Lotus dorycnium",5.24044898066202,2.55001787563011,1.59258,0.33686
"Lotus edulis",7.19323882534703,2.30793175782802,1.71881,0.63641
"Lotus pedunculatus",4.14023539739883,6.52093668253955,1.9066,0.48542
"Lotus tenuis",4.99580704254163,5.44666536379227,1.96697,0.50369
"Ludwigia palustris",5.29929638666791,7.39939798503168,1.81926,0.55263
"Lupinus angustifolius",6.61147593372527,2.57280148172958,1.75658,0.55573
"Luzula campestris",4.1024826886275,4.01375008353939,1.81985,0.42111
"Luzula nivea",3.10897907809629,3.98228374139027,1.26211,0.11335
"Luzula spicata",1.28039255156457,4.05769890482921,1.67658,0.29206
"Luzula sylvatica",3.69024172333017,4.75613129534344,1.13186,0.1413
"Lygeum spartum",8.79937598658182,1.89746270948392,1.4261,0.51695
"Lysimachia arvensis",4.7225990367684,3.97422025868838,1.92919,0.75023
"Lysimachia punctata",4.71540567284451,5.38223980969086,1.38147,0.25709
"Lysimachia tenella",4.9500415451346,7.24838732937894,1.65422,0.31142
"Lysimachia vulgaris",4.04300088982335,6.60801105117233,1.48712,0.33607
"Lythrum hyssopifolia",5.35434126606842,6.1127511004355,1.88715,0.63635
"Lythrum portula",4.64007939545931,6.45986171939683,1.81806,0.58459
"Lythrum salicaria",4.06720886031242,6.72886664179339,1.59304,0.36952
"Macrochloa tenacissima",8.05084105149611,1.57880013540594,1.49026,0.34062
"Maianthemum bifolium",3.63404584534216,4.5749523268129,1.30162,0.12873
"Malva arborea",6.67615175179943,3.76563299593478,1.3127,0.6622
"Malva moschata",4.53095150569313,3.45871804475894,2.02272,0.49984
"Malva multiflora",6.4237321274518,3.30097813762445,1.97484,0.82377
"Malva sylvestris",4.83289573617295,3.59087705638136,1.89172,0.79007
"Marcus-kochia littorea",7.18231619126809,3.13244647867495,2.06134,0.36585
"Marcus-kochia ramosissima",8.20404531421166,0.954776915561311,1.88255,0.3877
"Matricaria discoidea",4.01752768717579,4.44666145498149,2.23861,0.75467
"Matthiola incana",7.06412821254852,2.99828099007596,0.85787,0.35364
"Medicago arabica",5.7570189890734,3.34768016744395,2.03282,0.65494
"Medicago arborea",7.75729925499565,2.92879193935548,1.10919,0.27692
"Medicago littoralis",7.15683956329521,2.02475575395059,1.5972,0.50766
"Medicago lupulina",4.44541053529957,3.63355579243649,1.94534,0.56055
"Medicago marina",6.55244488300852,3.16550964425638,2.0264,0.40384
"Medicago minima",5.45157176031639,2.49912510211981,1.96756,0.5758
"Medicago monspeliaca",6.26601443568441,1.94591723325417,2.057,0.6589
"Medicago murex",6.68605830263256,4.23629963003131,2.02836,0.67955
"Medicago orbicularis",6.45335527904947,2.22242471047529,1.998,0.73698
"Medicago polymorpha",6.15938568814415,2.70675176177611,1.98761,0.75297
"Medicago rigidula",6.25427337299015,1.8020026997453,2.13789,0.69397
"Medicago scutellata",6.63887211352096,3.61314264911059,2.16853,0.83784
"Medicago truncatula",6.9340676784535,2.30620834805452,2.10526,0.75714
"Melampyrum pratense",3.8516287312296,4.26368250849731,1.30392,0.13566
"Melica ciliata",5.46272512012242,2.37965555211122,1.56537,0.38239
"Melica nutans",4.0036186214579,4.08110113979774,1.29214,0.14074
"Melica uniflora",4.24722606696653,4.42393724948161,1.30342,0.1202
"Melilotus albus",4.54372685331361,3.4235862968485,1.6797,0.66289
"Melilotus indicus",5.69322853516189,3.88887436159886,1.85012,0.68667
"Melilotus infestus",7.30606797131749,2.58975946984374,2.305,0.91364
"Melilotus officinalis",4.46940594709214,3.3357599875348,1.73606,0.65088
"Melilotus sulcatus",7.0030464074851,3.1385450143722,2.1132,0.77637
"Melissa officinalis",5.69887260045866,4.16749407076148,1.47934,0.36373
"Mentha aquatica",4.40405845747532,7.26010572439663,1.68217,0.33995
"Mentha longifolia",4.08586307824818,6.33811745645982,1.42746,0.48771
"Mentha pulegium",5.30123202637415,5.98454044093637,2.01065,0.49925
"Mentha suaveolens",5.65269659646478,6.12471456951001,1.72118,0.47602
"Mibora minima",6.39734549994732,2.5295860413003,2.1799,0.42895
"Micranthes stellaris",1.29900166903155,6.95245654203649,1.49219,0.23781
"Milium effusum",3.84002712916567,4.84015291990028,1.31944,0.15442
"Misopates orontium",5.73246779098049,4.18911033433076,1.82471,0.68413
"Moehringia trinervia",3.90213819959826,4.64253229508436,1.32714,0.17838
"Moenchia erecta",5.65490885918349,2.12934170513169,2.16134,0.44836
"Molinia caerulea",4.01566031687398,6.01945228827653,1.41563,0.24961
"Montia fontana",3.69546862421308,6.99228508970982,1.615795,0.40955
"Muscari neglectum",5.4791247844772,3.14755400917676,1.75419,0.41884
"Myosotis alpestris",1.46244747365454,4.14425972057657,1.4496,0.28935
"Myosotis arvensis",3.87196526611346,3.92415908522892,1.95508,0.73051
"Myosotis sylvatica",3.61350834139329,4.76649778537941,1.27952,0.20956
"Myrica gale",4.4428952635991,7.39619439783998,1.26738,0.14498
"Myricaria germanica",3.3980520672453,6.02171493133678,1.60553,0.43509
"Myrtus communis",7.48948940421139,4.00103510700303,1.33248,0.24378
"Nardus stricta",2.94829378848498,4.76799359277114,1.64011,0.35948
"Nasturtium officinale",4.18881110493084,8.14600356605485,1.68486,0.2792
"Nigella arvensis",5.8371773087427,2.83179260693339,1.89022,0.60078
"Nigella damascena",6.68664661476993,3.20071964188557,1.80281,0.68339
"Noccaea alpestris",1.73620586971157,4.49354925254881,1.09594,0.28367
"Noccaea caerulescens",3.26339401098828,4.22539015101044,1.546085,0.384175
"Odontarrhena bertolonii",5.51011328552915,1.77226819270253,1.44892,0.31286
"Oenanthe fistulosa",5.49235520479467,7.41506578985036,2.03485,0.42466
"Oenothera biennis",5.10582514499621,3.56119169926014,1.85562,0.563545
"Oenothera glazioviana",5.2715809652557,3.19512222743587,1.66595,0.60638
"Oloptum miliaceum",7.15422211487826,3.02556913547579,1.49578,0.45283
"Omalotheca supina",1.18523944888136,5.63225677494453,1.6937,0.24425
"Omalotheca sylvatica",3.75660428758621,4.2916643526321,1.65534,0.42231
"Onobrychis alba",4.90757179384175,1.9422292292273,1.93392,0.41078
"Onobrychis caput-galli",7.38305634990058,2.71667739639863,1.94191,0.60852
"Onobrychis montana",2.08840637673815,3.12280458495615,1.80737,0.38222
"Onobrychis viciifolia",5.07783010224014,3.19006896454597,1.9133,0.4906
"Ononis natrix",6.39665512430455,2.74741280698936,1.69867,0.39417
"Ononis reclinata",6.29607571871166,1.81062605043895,1.73729,0.55451
"Ononis spinosa",4.84337471250013,3.48636878879249,1.84208,0.48763
"Onopordum acanthium",5.09653915786878,3.30244674035932,1.79799,0.77101
"Oreojuncus trifidus",1.28389855428925,3.71661494168124,1.33549,0.27615
"Origanum microphyllum",6.42336014090955,2.84359532295351,1.58161,0.28857
"Origanum vulgare",4.52031151427268,3.28005201701238,1.51076,0.34896
"Orlaya grandiflora",5.49602850635329,2.47468561423201,1.79354,0.49108
"Ornithopus compressus",6.66476314711523,2.66515973507197,1.90404,0.47911
"Ornithopus perpusillus",4.86319494644078,2.8864182552901,2.15757,0.42705
"Ornithopus pinnatus",6.4237321274518,3.0053919500187,2.05363,0.43878
"Oxybasis glauca",4.64471462575991,5.05046902561336,2.01744,0.80353
"Oxybasis rubra",4.31954219356644,5.11978581065543,1.93721,0.76767
"Oxyria digyna",1.20694153444071,5.04482125937342,1.51182,0.30181
"Oxytropis campestris",1.48964508263401,3.50705133815168,1.65438,0.315
"Oxytropis pilosa",5.09996423374687,1.99500358938435,1.83576,0.46078
"Pallenis spinosa",6.75519464550334,2.30050332246292,1.64192,0.61598
"Pancratium maritimum",7.15816484819297,2.41649478662658,1.75202,0.38799
"Papaver dubium",4.85882129718084,3.40523251024453,2.00127,0.76785
"Papaver rhoeas",5.07774285897508,3.86351831396086,1.9998,0.8207
"Parapholis incurva",5.99547499328743,4.1723133485992,1.196,0.51011
"Parapholis strigosa",4.54329518292994,5.51101288228592,1.82686,0.49481
"Paris quadrifolia",3.93547991666186,5.18913340467863,1.29304,0.15585
"Parnassia palustris",3.10701052633218,6.50704700278651,1.50721,0.2787
"Pastinaca sativa",4.67170590012591,4.06463702246354,1.83895,0.55876
"Pentanema ensifolium",5.23368653143961,2.75582679876805,1.66561,0.36717
"Pentanema salicinum",4.29669464070954,4.59251833910752,1.67704,0.37944
"Periploca graeca",6.71693999412015,5.40147701837402,1.48187,0.31644
"Persicaria hydropiper",4.27272564074748,6.64679898841277,1.76381,0.52962
"Persicaria lapathifolia",4.65492030952509,5.92398992599496,1.85998,0.76557
"Persicaria maculosa",4.32979549289754,5.02973531964303,1.88799,0.72487
"Petromarula pinnata",7.46004472848368,3.66453341964172,1.37425,0.39559
"Petrosedum forsterianum",5.23905322353616,2.68986061679372,1.38724,0.27302
"Petrosedum rupestre",4.33357694193744,2.18820110572761,1.59513,0.3806
"Peucedanum officinale",5.08936686335867,3.34741415434715,1.40621,0.229815
"Phagnalon sordidum",6.96436477153936,1.64759048625212,1.01204,0.331
"Phalaris arundinacea",4.15282420948064,6.79239857579403,1.58482,0.39327
"Phalaris coerulescens",6.29526148245286,4.35510677022805,1.52973,0.63534
"Phalaris minor",6.2601875052988,3.6792416322045,2.17416,0.79107
"Phalaris paradoxa",6.48507900700641,3.94636113165744,2.05357,0.85278
"Phillyrea angustifolia",7.06015671239889,2.51483914454539,1.35729,0.21744
"Phillyrea latifolia",6.77987424547137,2.85480177603508,1.31468,0.17749
"Phleum alpinum",1.9968659158539,4.65330053040872,1.62845,0.32325
"Phleum arenarium",4.72974495136232,2.39203361421497,1.76587,0.36647
"Phleum exaratum",6.10088312228271,2.30793175782802,2.06723,0.67778
"Phleum montanum",5.16557372579895,3.38876623598892,1.69033,0.37361
"Phleum phleoides",4.59158425683418,2.79737632064957,1.81616,0.44266
"Phleum pratense",3.99794313339076,4.45368987104913,1.9259,0.486805
"Phleum subulatum",6.56152087780166,3.11630527315193,1.61311,0.56343
"Phlomis cretica",6.42336014090955,2.84359532295351,1.78661,0.37414
"Phoenix theophrasti",8.49672931605781,6.12734770970633,1.74861,0.29259
"Phragmites australis",4.3041478430063,7.47687979978427,1.59722,0.32877
"Phyteuma hemisphaericum",1.45470622741595,4.01749705572724,1.46777,0.28508
"Picnomon acarna",6.84576771116466,2.65481833384968,1.71846,0.61818
"Picris hieracioides",4.32777762918102,3.39178988278267,1.66453,0.52389
"Pilosella officinarum",3.89720953474393,3.39426681981517,1.79764,0.40701
"Pilosella peleteriana",4.62708414435035,2.86072835361256,1.75343,0.36742
"Pimpinella major",3.91210103982724,4.64809958010077,1.70274,0.42542
"Pimpinella saxifraga",3.98802134908022,3.52019943627996,1.56744333333333,0.38362
"Pinguicula leptoceras",2.18073271512958,6.94052460401066,1.36412,0.19851
"Pinguicula lusitanica",5.22938819530897,7.03782514564309,1.46462,0.16667
"Plantago atrata",2.12192239520174,4.43216579598448,1.83778,0.36166
"Plantago coronopus",5.53049708911347,5.18121287362843,1.360365,0.435795
"Plantago lagopus",7.30237218844982,2.5917097017128,1.81042,0.67261
"Plantago lanceolata",4.3719015209643,4.09434649685769,2.05509,0.5113
"Plantago major",4.39914234081471,4.56144212134621,2.00883,0.61738
"Plantago maritima",4.21457313524247,5.33537302402084,2.17347,0.47625
"Plantago media",4.18817074205088,3.68345250424844,1.975,0.48742
"Plantago sempervirens",5.52712385126427,2.80672540513806,1.69667,0.52693
"Polemonium caeruleum",2.7943550591113,5.75463670559063,1.4571,0.43375
"Polycnemum arvense",5.24412632372337,2.7390842632209,1.75425,0.64269
"Polygala vulgaris",3.92940445395267,4.1838536967274,1.83041,0.44277
"Polygonum aviculare",4.56157098533483,4.19098114321168,2.08419,0.75048
"Polypogon monspeliensis",6.41129760261804,6.36682108295882,1.80904,0.45613
"Polypogon viridis",5.87848533121433,5.93996413303355,1.6453,0.41148
"Portulaca oleracea",5.76538618763932,3.48589362537558,2.0591,0.82045
"Potentilla anglica",4.15602056439533,4.80028516475398,1.85543,0.44809
"Potentilla aurea",1.7310196779634,4.14296656972883,1.33353,0.30137
"Potentilla erecta",3.46098885703026,5.23657648035968,1.58168,0.34892
"Potentilla grandiflora",2.90955916341868,2.95835470284593,1.79068,0.32774
"Potentilla recta",5.22492735345448,2.68570200779323,1.82158,0.4889
"Primula auricula",2.62391454515985,4.16692017435985,1.19828,0.23842
"Primula elatior",3.85317404923726,4.9899891874755,1.33487,0.2533
"Primula farinosa",2.67057128117315,6.3081216288985,1.84521,0.23053
"Primula minima",1.12391318104759,4.53924658741101,1.51047,0.26362
"Prunella vulgaris",4.14509740652083,4.86208534829288,1.87015,0.45097
"Prunus serotina",5.193473840948,4.40090985334007,1.31072,0.18157
"Pseudoturritis turrita",5.20615557095664,3.33846778478656,1.29642,0.15186
"Ptilostemon casabonae",6.74877802846393,2.94933279814199,1.37161,0.47174
"Puccinellia distans",4.77504574818056,5.07519120391059,2.16909,0.51794
"Puccinellia fasciculata",5.25670828506653,5.14759568802446,2.24667,0.47391
"Puccinellia maritima",4.39082593319203,6.85123890962532,2.29571,0.51786
"Pulicaria dysenterica",4.85016506375564,5.84287611108545,1.68415,0.47583
"Pulicaria vulgaris",5.03314181585415,6.09993670277705,2.036,0.64399
"Pulsatilla alpina",1.87238033324877,4.27887205994351,1.18325,0.27775
"Pulsatilla pratensis",4.76629958829171,2.73817332012978,1.81698,0.3892
"Pulsatilla vernalis",2.69633979296207,3.75251776459794,1.58268,0.2913
"Pulsatilla vulgaris",4.657923907205,2.506998624009,1.8145,0.42784
"Rabelera holostea",4.48584347770623,4.57703011449576,1.33458,0.149865
"Radiola linoides",5.12057562715949,5.68676725181941,1.92348,0.59822
"Ranunculus aquatilis",4.43833816571661,8.82645214988164,1.74411,0.34346
"Ranunculus bulbosus",4.59137470438382,3.41416002776181,1.92327,0.46149
"Ranunculus flammula",3.89992577594263,7.21771760410581,1.80437,0.39604
"Ranunculus lateriflorus",5.42859282108548,6.37530129020272,1.93269,0.43962
"Ranunculus lingua",4.09713842491624,8.08343561442005,1.53521,0.20821
"Ranunculus neapolitanus",5.1236984373914,5.2892114581507,1.57097,0.4013
"Ranunculus parviflorus",5.81455901422282,4.25764677561722,1.94622,0.66607
"Ranunculus repens",3.71818430619244,6.02489662695225,1.80642,0.48641
"Ranunculus sardous",4.83214793959208,6.2185070963238,2.11501,0.56509
"Ranunculus sceleratus",4.45296049638821,6.75140029760179,1.87054,0.46356
"Raphanus raphanistrum",4.48770832336999,4.12420447159888,2.0552,0.83946
"Reichardia picroides",6.67813337181127,2.78912087626727,1.23078,0.46898
"Reseda alba",6.53932399277055,3.08002960146673,1.58768,0.70556
"Reseda luteola",5.36219397462859,3.18349507376712,1.66645,0.6744
"Rhamnus alaternus",7.01592751825157,2.71832485394518,1.33342,0.20629
"Rhamnus cathartica",4.10451299523311,3.78431610995866,1.32242,0.18935
"Rhinanthus alectorolophus",3.82339779573139,4.17274522214972,2.0164,0.48974
"Rhinanthus glacialis",2.47135331422292,4.13917134658129,1.70252,0.39673
"Rhinanthus minor",3.64177515523575,4.56940323051143,2.1129,0.48757
"Rhodiola rosea",2.13047914867021,4.64911358711784,1.14991,0.24277
"Rhododendron ferrugineum",1.96426546786682,4.90699923164082,1.02694,0.19322
"Rhododendron ponticum",5.04118073542137,4.8510655496483,1.023225,0.192385
"Ribes petraeum",2.61242611694244,4.5812952975402,0.95382,0.14495
"Rorippa islandica",2.66504187196135,7.22237014680113,1.82498,0.61057
"Rorippa palustris",4.21643390880652,6.79178513657174,1.83662,0.66998
"Rosa canina",4.31825172045998,3.8756529213193,1.34507,0.22498
"Rostraria cristata",5.31139246961624,2.36784282841994,1.68883,0.543075
"Rubia peregrina",6.76909042633211,3.17534194538736,1.32311,0.1718
"Sabulina stricta",2.22711114888923,6.89332173977361,1.47807,0.21905
"Sabulina tenuifolia",5.49042450609225,2.48829848528569,1.9232,0.5876
"Sagina apetala",5.46049731351298,4.44059558417856,2.12306,0.64594
"Sagina procumbens",3.81075281436644,4.92255173671464,2.12267,0.59064
"Sagittaria sagittifolia",4.32257340714774,8.44005405738284,1.68365,0.24373
"Salicornia perennis",7.2352116416321,6.52515761377998,2.12714,0.50498
"Salix repens",3.94470225514547,6.11843185244369,1.50894,0.3023
"Salvia aethiopis",5.76429438211566,2.7467326858253,1.88368,0.58283
"Salvia nemorosa",5.2797755304442,3.36334206823408,1.87066,0.50971
"Salvia verbenaca",5.92863608766187,2.65638968207708,1.823,0.70827
"Salvia viridis",7.19323882534703,1.89573929971042,2.0299,0.61639
"Samolus valerandi",4.84571093565805,6.36920281612426,1.62564,0.39775
"Sanguisorba officinalis",3.85908377064636,5.54459040468956,1.9104,0.48622
"Sanicula europaea",4.12102052112172,4.66535219371628,1.30929,0.12021
"Saponaria officinalis",4.7597269823564,4.25157793838334,1.56086,0.57093
"Sarcopoterium spinosum",8.28103369279476,2.30793175782802,1.58996,0.28712
"Saxifraga aizoides",1.9173166723197,6.65135775635259,1.30265,0.27233
"Saxifraga bulbifera",4.9973742224135,3.3384305552087,1.73209,0.3871
"Saxifraga caesia",0.921587856491207,3.15906392614038,1.15276,0.27748
"Saxifraga cespitosa",1.09814339203408,4.49978818232149,1.59543,0.2775
"Saxifraga granulata",4.40017646621022,3.72075914993404,1.90878,0.45761
"Saxifraga oppositifolia",1.51116176215316,4.86597072659565,1.40026,0.27575
"Saxifraga petraea",4.37636459955764,4.19360949090468,1.25497,0.15423
"Saxifraga rivularis",0.55745763991137,7.5560851711416,1.68373,0.24762
"Saxifraga rosacea",3.66613961325254,3.98123804651223,1.16722,0.42727
"Saxifraga rotundifolia",2.39402609846691,5.50354711371842,1.11369,0.14443
"Saxifraga tridactylites",4.87853612628775,2.33931339805793,1.7929,0.49072
"Scabiosa columbaria",4.2521350159144,2.91357347666041,1.65796,0.465735
"Scabiosa lucida",2.12489331146116,3.71495600136645,1.3052,0.33147
"Scandix pecten-veneris",5.51645735097656,3.04813540834799,2.01826,0.72356
"Schoenoplectus triqueter",5.25281045992953,7.92228890131358,1.8072,0.294
"Schoenus nigricans",5.0472433503879,6.89128601508165,1.64515,0.28177
"Scirpoides holoschoenus",5.42523391394027,6.0476740028415,1.74192,0.38692
"Scirpus radicans",4.24090795150447,6.94099981126424,1.80829,0.43143
"Scirpus sylvaticus",3.83330553823498,6.7066560211433,1.63537,0.4823
"Scleranthus annuus",4.30346020452886,3.53744088971589,2.13596,0.624213333333333
"Scleranthus perennis",4.37217210880389,2.55154967137729,1.8662,0.40174
"Scolymus hispanicus",6.61022907878646,2.00674980708585,1.71132,0.63605
"Scorzonera cana",5.92457725066003,3.64886932308973,2.1147,0.46459
"Scorzonera humilis",4.35994102779151,5.27449269063081,1.77878,0.34172
"Scorzonera laciniata",5.92245904406352,3.19891107665297,2.0425,0.67637
"Scorzoneroides autumnalis",3.63940236217555,4.6530021699314,2.17357,0.4963
"Scorzoneroides helvetica",1.37565519753497,4.24958731749139,1.44879,0.28403
"Scorzoneroides pyrenaica",2.28258731354675,4.27585406144664,1.611695,0.29037
"Scrophularia auriculata",5.61825888782405,7.04021725242885,1.4743,0.37961
"Scrophularia nodosa",3.92324685410857,5.18025588916177,1.34711,0.23653
"Scrophularia peregrina",7.02465116273996,3.80682930753822,1.74962,0.67615
"Scrophularia scorodonia",5.39340310407941,3.40176641086324,1.58218,0.34701
"Secale sylvestre",5.19976563990652,2.55439533544483,1.83011,0.41466
"Sedum album",4.64733477095821,2.0810085421767,1.54485,0.38628
"Sedum alpestre",1.6957403233658,4.41507946910823,1.60984,0.25218
"Sedum cepaea",6.09809908789368,3.54745777537846,1.30822,0.16083
"Sedum villosum",2.80557219700993,6.78025443458139,1.4311,0.24706
"Sempervivum arachnoideum",2.3626651588084,2.16739209888116,1.53077,0.3157
"Senecio doronicum",1.55520982966559,4.20745898650051,1.64936,0.33735
"Senecio inaequidens",5.55028205494159,2.64545483934276,1.5951,0.49726
"Senecio squalidus",4.82302156782343,3.55347331532352,1.69406,0.4358
"Senecio viscosus",4.12736290714418,3.53401276559926,1.65421,0.58123
"Senecio vulgaris",4.35253692166313,4.18704274370615,1.84158,0.70188
"Sesleria caerulea",3.05209609934483,3.92045933515695,1.22058,0.26866
"Sesleria insularis",1.32121169055519,4.17395912195739,1.29301,0.16466
"Sesleriella sphaerocephala",0.929933842088855,3.10425801489823,0.9847,0.2389
"Sibbaldia procumbens",0.887812542717851,5.39251195491149,1.64484,0.23417
"Sibthorpia europaea",5.25910594024906,6.68285652131775,1.62005,0.36528
"Silene acaulis",0.553242302474266,3.95511305574473,1.43581,0.26938
"Silene bellidifolia",6.9340676784535,2.30793175782802,1.84976,0.79667
"Silene bupleuroides",5.16792134743678,2.86004783204116,1.8941,0.44559
"Silene ciliata",2.01168372545022,3.39803167313756,1.69053,0.32428
"Silene colorata",7.64222749679412,2.30793175782802,1.67864,0.44214
"Silene conica",5.36671135896193,2.30316971180751,1.98652,0.52272
"Silene cretica",7.21446868729351,3.18095871520158,1.75507,0.55488
"Silene dichotoma",5.43091210514961,3.36308245717328,1.79517,0.50727
"Silene dioica",3.76079104167309,5.24620230525777,1.34606,0.29646
"Silene flavescens",5.9569403184356,1.75740114671911,1.56661,0.3375
"Silene flos-cuculi",3.87475077372429,5.94829797619989,1.92324,0.49099
"Silene foetida",2.51672715867306,2.4455730850198,1.47039,0.32826
"Silene gallica",5.50061642573243,3.61965296632527,1.74861,0.59429
"Silene italica",5.56117533291948,3.11351383522852,1.37235,0.18694
"Silene latifolia",4.34717992796082,3.61703402668028,1.62276,0.61633
"Silene multicaulis",3.64282581764443,3.763286062471,0.87993,0.24742
"Silene noctiflora",4.45550330827237,3.44284401427455,2.00401,0.84602
"Silene nocturna",6.67813337181127,2.5516624270266,1.6293,0.66667
"Silene nutans",4.16140198639255,3.31835743437975,1.45473,0.29837
"Silene otites",5.3187063804991,2.16862313987337,1.82157,0.4035
"Silene paradoxa",5.00738547831904,3.14052346807591,1.50599,0.29588
"Silene roemeri",5.21212118874528,3.26211107131953,1.71306,0.36212
"Silene saxatilis",2.51967478749518,1.79538179950648,1.85677,0.44762
"Silene sedoides",7.75729925499565,2.38149987489668,0.68861,0.29574
"Silene succulenta",7.93008001959134,1.82065178401056,1.69259,0.40242
"Silene uniflora",4.15174308955504,4.46682727002669,1.55838,0.43475
"Silene viridiflora",5.3476584519094,3.8608025500365,1.31934,0.12241
"Silene viscosa",3.94764559416161,3.07794558692554,1.68467,0.48525
"Silene vulgaris",3.99682142214982,3.74527788965695,1.53087,0.42918
"Siler montanum",3.66167116207478,3.21808770900108,1.41645,0.27586
"Silphiodaucus hispidus",4.15632371513275,4.39259604110866,1.51004,0.36
"Sisymbrium altissimum",4.61554743601845,3.23407100534886,1.9518,0.74116
"Sisymbrium irio",6.05620852766845,3.0487291649459,1.99662,0.82097
"Sisymbrium officinale",4.50598149512217,3.70904426007509,1.90983,0.7507
"Sium latifolium",4.68065526891818,8.04959714810992,1.69688,0.26
"Solanum dulcamara",4.20153145361142,6.49767445074946,1.47499,0.36215
"Soldanella alpina",1.4586264666499,5.93516242576223,1.09509,0.23522
"Solidago gigantea",4.56546094288084,5.12785013651126,1.42543,0.436
"Solidago virgaurea",3.6907543637244,4.25865232177101,1.27596,0.16697
"Sonchus arvensis",4.14699955432108,4.79648111719205,1.85329,0.70484
"Sonchus asper",4.5571635091525,4.2680534024942,1.79157,0.71983
"Sonchus oleraceus",4.75909660695936,4.04860408504491,1.77374,0.72524
"Sorbus aucuparia",3.83668697194765,4.78945971318144,1.25203,0.1457
"Spartium junceum",6.68822656301978,3.39636025919412,1.32516,0.26064
"Spergula arvensis",4.11671807874634,4.19285484019638,2.12637,0.84988
"Spergularia bocconei",6.04637683951571,2.48266983562807,1.52793,0.68529
"Spergularia marina",4.88607530511693,5.34867410271019,2.04395,0.50853
"Spergularia media",4.94201720778212,5.76884531501503,2.27615,0.50331
"Spergularia rubra",4.34622556653465,4.3850990014286,2.10331,0.72198
"Spergularia rupicola",5.22938819530897,4.28383875658347,0.94594,0.37297
"Sporobolus aculeatus",6.03233913273101,5.35782348816854,1.94809,0.615925
"Stachys palustris",4.09041313901145,6.31113289515221,1.64647,0.51536
"Stachys sylvatica",4.04265205841724,5.58453193591903,1.3586,0.26365
"Stellaria alsine",3.46845511442897,6.33516176408003,1.68058,0.43032
"Stellaria nemorum",3.4710734804486,5.76221134691422,1.30584,0.25318
"Stipellula capensis",8.0912161682412,0.667778974225104,1.85493,0.71852
"Suaeda vera",8.07775779599284,5.75009159974084,1.57381,0.42711
"Succisa pratensis",3.92732578913593,5.76137359801222,1.8149,0.39076
"Sulla coronaria",6.94739770991332,3.56764690435771,1.76309,0.77228
"Sulla spinosissima",7.41773316107057,1.69136648042512,1.47378,0.58621
"Syringa vulgaris",5.52171035244549,4.02616772245862,1.39253,0.24551
"Taeniatherum caput-medusae",6.29104417795323,3.01143184800602,1.9403,0.59421
"Takhtajaniantha austriaca",5.3200390367312,2.76445112942556,1.78975,0.37807
"Tanacetum parthenium",5.0251337623307,4.19506031234326,1.36004,0.286415
"Tanacetum vulgare",4.31564198509323,4.3952285598374,1.63402,0.58174
"Taraxacum stevenii",2.51967478749518,4.40872970377336,1.71417,0.252
"Teesdalia nudicaulis",4.80400233353196,2.88595397799273,1.96065,0.47128
"Teucrium botrys",4.77154666795913,1.97467573233581,1.71947,0.48727
"Teucrium chamaedrys",4.97323286141766,2.41989652883517,1.53222,0.32767
"Teucrium massiliense",7.11241194483955,3.18773300530857,1.43884,0.37805
"Teucrium polium",5.87325537307017,2.78182561918046,1.70429,0.40447
"Teucrium scordium",5.26962008769996,6.6440431009404,1.80286,0.35199
"Teucrium scorodonia",4.21842397759888,3.62245801562041,1.32621,0.18419
"Thapsia villosa",5.33915752409425,3.07175856903032,1.42847,0.20913
"Thlaspi arvense",4.01355948641222,3.91112541802993,2.06062,0.85623
"Thymus pulegioides",4.22331541275616,3.35916811625109,1.921905,0.45174
"Thymus vulgaris",6.48404363738344,1.76619079111029,1.4448,0.28734
"Tofieldia calyculata",3.62264293651907,6.37993970363774,1.17286,0.24556
"Tofieldia pusilla",1.06078810864952,6.34770877300515,1.70531,0.20895
"Tolpis barbata",6.62349712067294,1.98797901421736,2.00287,0.34951
"Tordylium maximum",5.89966808114288,2.91625818262671,1.77757,0.65741
"Torilis arvensis",5.45816896633512,3.495119294859,1.53577,0.47882
"Torilis japonica",4.52586484389824,4.27298221334901,1.41924,0.35168
"Torilis leptophylla",6.79591516460727,2.88926363854346,1.91263,0.66124
"Torilis nodosa",5.53966857203736,3.48584732939978,1.84883,0.6675
"Tragopogon dubius",5.29286741230503,3.26919428866397,1.81915,0.55348
"Tragopogon pratensis",4.02075391829559,3.60984845033219,2.09272,0.50194
"Tragus racemosus",6.04049081340188,2.76663336588889,2.08474,0.70545
"Trapa natans",5.29740453697989,8.92302005485729,1.56297,0.28429
"Trifolium alpestre",4.43338917226893,3.18552754309673,1.53344,0.33221
"Trifolium alpinum",1.40143140637,3.68309693436776,1.79046,0.30301
"Trifolium angustifolium",6.41479690241069,2.50802234910843,1.77026,0.55959
"Trifolium arvense",4.48795258604552,2.66428680757128,1.96973,0.50691
"Trifolium aureum",4.08823369000203,3.42281596348036,1.87452,0.48278
"Trifolium badium",1.92011780679377,4.99952294261627,1.8131,0.33542
"Trifolium bocconei",7.64222749679412,2.44055411993757,2.22464,0.51184
"Trifolium boissieri",7.46004472848368,2.84359532295351,1.68441,0.45909
"Trifolium campestre",4.46009069189527,3.65627301693561,1.9013,0.51518
"Trifolium cherleri",6.86471405611352,3.12714644474273,2.02095,0.58916
"Trifolium diffusum",5.44695764760218,3.35841253316335,1.67539,0.40606
"Trifolium dubium",4.3886300166529,4.17006731612633,2.23767,0.50576
"Trifolium echinatum",6.53298498459726,2.59630043006271,1.91954,0.74752
"Trifolium fragiferum",4.6348219740133,5.33686270742732,2.23811,0.5119
"Trifolium glomeratum",6.1617616865624,2.94696693851506,2.02108,0.55047
"Trifolium grandiflorum",5.51774804177226,3.12542303496924,1.49027,0.35902
"Trifolium hirtum",7.09362138844809,2.37310399538465,2.04777,0.645
"Trifolium hybridum",4.43087199890747,5.31462905929109,1.97838,0.57087
"Trifolium lappaceum",6.68605830263256,3.9638025376509,1.86991,0.6016
"Trifolium leucanthum",6.4377298084331,2.6679824288309,1.89441,0.64811
"Trifolium medium",4.28256319048074,3.67684542768854,1.62322,0.38625
"Trifolium micranthum",5.33122815240019,4.2114799450746,2.27654,0.53266
"Trifolium nigrescens",6.30408436884865,2.60287457134052,2.03798,0.68791
"Trifolium ochroleucon",4.53371917507895,3.48194685854977,1.65217,0.37729
"Trifolium ornithopodioides",5.47241171436645,3.24570176672186,2.39194,0.52973
"Trifolium pallescens",1.66876174057263,4.13164502229932,1.62965,0.31423
"Trifolium pallidum",5.98007253625656,2.84921236260634,2.08658,0.65345
"Trifolium physodes",6.86471405611352,3.53589208331334,1.54614,0.32649
"Trifolium pratense",3.91784377323638,4.56907402867071,2.0182,0.49187
"Trifolium purpureum",4.898458250145,2.23417133649868,1.85246,0.56818
"Trifolium repens",4.06545707756387,4.51675874076487,2.14421,0.52325
"Trifolium resupinatum",5.80921213765334,4.6211655382715,2.06884,0.61472
"Trifolium rubens",4.59090246077098,3.08521527055856,1.52955,0.31811
"Trifolium scabrum",6.31495463158132,2.0138815028767,1.81419,0.58995
"Trifolium squamosum",5.40137996352432,4.80814636226631,2.17188,0.549145
"Trifolium stellatum",6.78402989466276,2.5917097017128,1.82869,0.58988
"Trifolium striatum",5.60850473252025,2.47890411196484,2.17215,0.53676
"Trifolium strictum",5.44397065439754,2.84378934381841,1.97167,0.47324
"Trifolium subterraneum",6.32611968023819,2.16499017312399,2.10603,0.62634
"Trifolium suffocatum",6.3820762187197,3.57591811552973,2.07777,0.69686
"Trifolium sylvaticum",6.31192334910235,2.46576689109245,1.79226,0.47091
"Trifolium thalii",1.35420262516631,4.53739260457012,1.75513,0.34007
"Trifolium tomentosum",6.86471405611352,3.53589208331334,1.99618,0.70782
"Triglochin maritima",4.3050095429037,6.13569025338915,2.25933,0.48563
"Trigonella balansae",6.59525410550801,3.56855012938389,1.2803,0.58696
"Trigonella gladiata",6.32443885062786,2.05088370906518,2.09939,0.58696
"Triplachne nitens",8.79937598658182,0.667778974225104,1.21394,0.49583
"Tripolium pannonicum",4.5740107273939,5.68971422405249,2.12521,0.48942
"Trisetum flavescens",3.83081445780642,4.46163136530857,2.09593,0.49224
"Tuberaria guttata",5.71031169172524,1.87581741527642,1.85493,0.37917
"Tulipa cretica",6.42336014090955,1.2017191295771,1.75284,0.292
"Tulipa sylvestris",4.99412540689695,3.63586248990617,1.66174,0.415285
"Turritis glabra",4.35179688842315,3.27255278948919,1.55182,0.36899
"Tussilago farfara",4.02094821271019,4.96633929438413,1.6192,0.54614
"Typha angustifolia",4.84094892634589,7.99009705074816,1.79869,0.26611
"Typha latifolia",4.48205248258024,7.97773893169585,1.7567,0.27204
"Typha minima",4.51287449043317,7.56580121040078,1.84601,0.30222
"Ulex europaeus",4.63060906720279,3.97131030217462,1.4092,0.28624
"Ulex gallii",4.69824044209988,4.8661715870605,1.44761,0.31232
"Ulex minor",5.48100982459451,4.83625365038872,1.48855,0.3
"Ulmus glabra",4.12638998385352,5.38127631095929,1.32913,0.15976
"Ulmus minor",5.25138170011668,4.91004623148325,1.35706,0.21154
"Umbilicus rupestris",6.31779427561916,3.43907007712111,1.11714,0.33146
"Urospermum dalechampii",6.70673920956303,3.01976714705486,1.5553,0.44951
"Urospermum picroides",7.00880159271561,2.35037273973007,1.75953,0.57419
"Urtica dioica",4.05457516863669,5.01366737959832,1.39281,0.39025
"Vaccinium myrtillus",2.90501492266561,4.6832514235931,1.18151,0.15898
"Valeriana dioica",4.08459117567159,6.59788846060234,1.66725,0.37149
"Veratrum nigrum",4.63386177324823,3.56692575309583,1.3653,0.19162
"Verbascum arcturus",7.46004472848368,2.02265722626531,1.55129,0.74
"Verbascum phlomoides",5.18876225702237,3.43400151808224,1.76679,0.54188
"Verbascum speciosum",5.54263012475759,2.98265546862387,1.60036,0.44451
"Verbena officinalis",4.63205685575506,4.15974622550571,1.78016,0.63415
"Veronica allionii",1.33332106760428,3.58061523794098,1.99089,0.31363
"Veronica alpina",1.17053392807528,5.41871854525529,1.678585,0.215785
"Veronica anagalloides",5.22247862083417,7.06153612594729,1.92002,0.57132
"Veronica arvensis",4.43883432429984,4.05322629010341,2.05577,0.63945
"Veronica beccabunga",4.1160222863046,7.61216303327138,1.58637,0.39075
"Veronica catenata",4.79591956093789,7.51685513471056,1.81399,0.40889
"Veronica chamaedrys",3.73627345676712,4.28650400269488,1.61084,0.37493
"Veronica longifolia",3.95024527527758,6.21727588994342,1.68391,0.48585
"Veronica officinalis",3.5904094104931,4.04096630187389,1.41761,0.22248
"Veronica persica",4.65045321061107,4.33843257737358,2.04042,0.83772
"Veronica polita",4.89781363099091,3.56888274949317,2.06511,0.84111
"Veronica praecox",5.57259449576487,2.44793718970399,1.89019,0.51238
"Veronica scutellata",3.6289503197141,7.1826370620819,1.73747,0.36979
"Veronica serpyllifolia",3.76170002871358,4.7114835311388,2.04581,0.50357
"Veronica spicata",4.71977015596493,2.59572283463662,1.8064,0.42241
"Veronica triphyllos",5.00152338463542,3.35007222671376,2.1195,0.79211
"Veronica verna",4.74847704916794,2.47999696421561,2,0.50838
"Viburnum lantana",4.73523395164964,3.56161462122145,1.29526,0.13336
"Viburnum opulus",4.12855119030802,5.43214379680501,1.35946,0.18913
"Vicia bithynica",6.37523196677007,3.35537035765,1.56126,0.45767
"Vicia cassubica",4.7965384818349,3.38082179504633,1.37638,0.18131
"Vicia cracca",3.85592261050279,4.53686449916308,1.82407,0.4945
"Vicia cretica",6.42336014090955,2.02265722626531,1.58051,0.27319
"Vicia disperma",6.74805376115409,3.70296804831139,1.4866,0.35878
"Vicia hirsuta",4.65867376277008,3.7003462267217,1.98453,0.66495
"Vicia hybrida",6.7860152135252,3.2586580003499,1.64061,0.70797
"Vicia lutea",5.75417390395217,3.45832152413149,1.91027,0.63273
"Vicia pannonica",4.98569763013813,3.51777797752357,1.91732,0.68641
"Vicia peregrina",6.03073980620843,3.05853319947055,2.00455,0.72823
"Vicia sativa",4.96422830042393,4.05877078001829,1.96985,0.6245
"Vicia sepium",3.88411072279276,4.39394131272682,1.48176,0.31368
"Vicia sylvatica",3.54649148198344,4.53497894000656,1.35373,0.16801
"Vicia tenuifolia",4.85051005914593,3.07011868244149,1.58857,0.37475
"Vicia tetrasperma",4.51181231572659,4.19916221753247,1.96021,0.63588
"Vicia villosa",5.01712919734875,3.28899643538739,1.82645,0.66892
"Vincetoxicum hirundinaria",4.45431587233923,3.08159895536058,1.42004,0.23787
"Viola lutea",2.49228216717965,3.98573108582889,1.76306,0.4251
"Viola scorpiuroides",7.97838702227074,0.380781032888898,1.5064,0.36923
"Viscaria vulgaris",4.4177823481448,3.39877281759493,1.47199,0.24516
"Vitis vinifera",6.01128358986364,4.99146688436173,1.48985,0.38799
"Willemetia stipitata",2.19256557670794,7.0669016780522,1.66501,0.3093
"Xeranthemum cylindraceum",5.82096218615489,2.41518020527471,1.70708,0.48964
"Xeranthemum inapertum",6.36762524802769,2.79622835753708,2.00516,0.63787
